{
  "todo": [
    {
      "todo": "har har  mahadev",
      "id": 1,
      "status": false
    },
    {
      "todo": "shyamal kishanlal",
      "status": false,
      "category": "personal",
      "id": 17
    },
    {
      "todo": "learning react",
      "status": false,
      "category": "",
      "id": 18
    },
    {
      "todo": "",
      "status": true,
      "category": "public",
      "id": 19
    },
    {
      "todo": "learning redux",
      "status": false,
      "category": "private",
      "id": 20
    },
    {
      "todo": "learning sometning ",
      "status": true,
      "category": "public",
      "id": 21
    }
  ]
}